﻿<?xml version="1.0" encoding="utf-8"?>
<deployment>
  <id>e16c87c8-77e0-4af2-bcec-661fd04f7633</id>
  <author>N/A</author>
  <deployer>GITHUB_ZIP_DEPLOY</deployer>
  <authorEmail>N/A</authorEmail>
  <message>{"type":"deployment","sha":"788295b1201641e388cd7af1e3637964cb8b458e","repoName":"RakeshEPC/tshla-medical","actor":"RakeshEPC","slotName":"production","commitMessage":""}</message>
  <progress></progress>
  <status>Success</status>
  <statusText></statusText>
  <lastSuccessEndTime>2025-10-01T16:17:30.7469912Z</lastSuccessEndTime>
  <receivedTime>2025-10-01T16:17:20.803529Z</receivedTime>
  <startTime>2025-10-01T16:17:22.2737015Z</startTime>
  <endTime>2025-10-01T16:17:30.7469912Z</endTime>
  <complete>True</complete>
  <is_temp>False</is_temp>
  <is_readonly>True</is_readonly>
  <buildSummary />
</deployment>