<step title="Incoming Request" date="2025-10-01T17:42:18.626" instance="0a7f99" url="/api/zipdeploy?isAsync=true&amp;deployer=GITHUB_ZIP_DEPLOY&amp;message=%7B%22type%22%3A%22deployment%22%2C%22sha%22%3A%2201455468f7e340bd4ea5454055fa050d0f2b2d7e%22%2C%22repoName%22%3A%22RakeshEPC%2Ftshla-medical%22%2C%22actor%22%3A%22RakeshEPC%22%2C%22slotName%22%3A%22production%22%2C%22commitMessage%22%3A%22Fix%20API%20deployment%20workflows%20-%20correct%20package.json%20for%20each%20API%5Cn%5CnEach%20API%20now%20gets%20its%20own%20package.json%20with%20the%20correct%20main%20entry%20point%3A%5Cn-%20Auth%20API%3A%20medical-auth-api.js%5Cn-%20Pump%20API%3A%20pump-report-api.js%5Cn-%20Schedule%20API%3A%20enhanced-schedule-notes-api.js%5Cn%5CnThis%20fixes%20the%20%5C%22Cannot%20find%20module%5C%22%20error%20on%20Azure%20Web%20Apps.%5Cn%5Cn%F0%9F%A4%96%20Generated%20with%20%5BClaude%20Code%5D(https%3A%2F%2Fclaude.com%2Fclaude-code)%5Cn%5CnCo-Authored-By%3A%20Claude%20%3Cnoreply%40anthropic.com%3E%22%7D" method="POST" type="request" pid="821,1,49" Host="tshla-auth-api.scm.azurewebsites.net" User-Agent="GITHUBACTIONS_DeployWebAppToAzure_afb48cf46bb273f8cf0f932507629ca33d4b3ee6a37850bde824a1e7535efcc9" Authorization="Bas..." Content-Type="application/octet-stream" Cookie="ARRAffinity=0a7f999574deca4bd62582ea97de0fa90a88f0309b81207992f608cdcc4a09c1;Path=/;HttpOnly;Secure;Domain=tshla-auth-api.scm.azurewebsites.net; ARRAffinitySameSite=0a7f999574deca4bd62582ea97de0fa90a88f0309b81207992f608cdcc4a09c1;Path=/;HttpOnly;SameSite=None;Secure;Domain=tshla-auth-api.scm.azurewebsites.net" Transfer-Encoding="chunked" X-ARR-LOG-ID="bcd5c83f-5fa0-4913-a33a-923a1919f5e9" CLIENT-IP="4.227.174.180:15360" X-SITE-DEPLOYMENT-ID="tshla-auth-api" WAS-DEFAULT-HOSTNAME="tshla-auth-api.scm.azurewebsites.net" X-Forwarded-Proto="https" X-AppService-Proto="https" X-Forwarded-TlsVersion="1.3" X-WAWS-Unencoded-URL="/api/zipdeploy?isAsync=true&amp;deployer=GITHUB_ZIP_DEPLOY&amp;message=%7B%22type%22%3A%22deployment%22%2C%22sha%22%3A%2201455468f7e340bd4ea5454055fa050d0f2b2d7e%22%2C%22repoName%22%3A%22RakeshEPC%2Ftshla-medical%22%2C%22actor%22%3A%22RakeshEPC%22%2C%22slotName%22%3A%22production%22%2C%22commitMessage%22%3A%22Fix%20API%20deployment%20workflows%20-%20correct%20package.json%20for%20each%20API%5Cn%5CnEach%20API%20now%20gets%20its%20own%20package.json%20with%20the%20correct%20main%20entry%20point%3A%5Cn-%20Auth%20API%3A%20medical-auth-api.js%5Cn-%20Pump%20API%3A%20pump-report-api.js%5Cn-%20Schedule%20API%3A%20enhanced-schedule-notes-api.js%5Cn%5CnThis%20fixes%20the%20%5C%22Cannot%20find%20module%5C%22%20error%20on%20Azure%20Web%20Apps.%5Cn%5Cn%F0%9F%A4%96%20Generated%20with%20%5BClaude%20Code%5D(https%3A%2F%2Fclaude.com%2Fclaude-code)%5Cn%5CnCo-Authored-By%3A%20Claude%20%3Cnoreply%40anthropic.com%3E%22%7D" X-Client-IP="4.227.174.180" X-Client-Port="15360" >
  <step title="Cleanup Xml Logs" date="2025-10-01T17:42:18.663" /><!-- duration: 5ms -->
  <step title="ZipPushDeploy" date="2025-10-01T17:42:18.677" >
    <step title="ZipDeploy. Extract zip." date="2025-10-01T17:42:18.683" /><!-- duration: 3ms -->
    <step title="Starting PushDeployAsync" date="2025-10-01T17:42:18.690" /><!-- duration: 4ms -->
    <step title="Removing node_modules symlink" date="2025-10-01T17:42:18.709" >
      <step title="Removing _del_node_modules symlink" date="2025-10-01T17:42:18.725" >
        <step title="Writing artifact to /tmp/zipdeploy/7577a529-8a19-4c20-ae6a-3309fec547b7.zip" date="2025-10-01T17:42:18.748" >
          <step title="Writing multipart request body to /tmp/zipdeploy/7577a529-8a19-4c20-ae6a-3309fec547b7.zip" date="2025-10-01T17:42:18.751" /><!-- duration: 4ms -->
        </step><!-- duration: 141ms -->
        <step title="Removing previous build artifact&apos;s manifest file" date="2025-10-01T17:42:18.896" >
          <step title="Start deployment in the background" date="2025-10-01T17:42:18.907" >
            <step title="Acquiring Deployment Lock" date="2025-10-01T17:42:18.922" /><!-- duration: 2ms -->
            <step title="Acquired Deployment Lock" date="2025-10-01T17:42:18.975" /><!-- duration: 3ms -->
          </step><!-- duration: 167ms -->
        </step><!-- duration: 191ms -->
        <step title="Outgoing response" date="2025-10-01T17:42:19.091" type="response" statusCode="202" statusText="Accepted" /><!-- duration: 53ms -->
      </step><!-- duration: 422ms -->
