<step title="BackgroundTrace" date="2025-10-01T17:46:16.127" instance="0a7f99" url="/api/zipdeploy" method="POST" >
  <step title="Creating temporary deployment - FetchDeploymentManager" date="2025-10-01T17:46:16.201" /><!-- duration: 5ms -->
  <step title="Creating temporary deployment" date="2025-10-01T17:46:16.209" /><!-- duration: 110ms -->
  <step title="Performing fetch based deployment" date="2025-10-01T17:46:16.364" >
    <step title="Cleaning up temp folders from previous zip deployments and extracting pushed zip file /tmp/zipdeploy/09ada394-a213-46a5-8597-54fe91c0e088.zip (14.82 MB) to /tmp/zipdeploy/extracted" date="2025-10-01T17:46:17.618" >
      <step title="ChmodRecursive Process exited with total time taken in ms: 87" date="2025-10-01T17:46:20.112" /><!-- duration: 4ms -->
    </step><!-- duration: 2502ms -->
    <step title="Deployment timer started" date="2025-10-01T17:46:22.130" >
      <step title="DeploymentManager.Deploy(id:34767f3c-718f-430b-9dc2-414bb4f363c4)" date="2025-10-01T17:46:22.137" >
        <step title="Collecting changeset information" date="2025-10-01T17:46:22.159" /><!-- duration: 115ms -->
        <step title="Updating submodules" date="2025-10-01T17:46:22.283" /><!-- duration: 1144ms -->
        <step title="Determining deployment builder" date="2025-10-01T17:46:23.703" >
          <step title="Builder is BasicBuilder" date="2025-10-01T17:46:23.716" /><!-- duration: 3ms -->
        </step><!-- duration: 20ms -->
        <step title="PreDeployment: context.CleanOutputPath False" date="2025-10-01T17:46:23.779" >
          <step title="PreDeployment: context.OutputPath /home/site/wwwroot" date="2025-10-01T17:46:23.948" >
            <step title="Building" date="2025-10-01T17:46:24.098" >
              <step title="Executing external process" date="2025-10-01T17:46:24.710" type="process" path="starter.sh" arguments="/opt/Kudu/Scripts/absoluteTar.sh /tmp/zipdeploy/extracted/node_modules /tmp/zipdeploy/extracted/node_modules.tar.gz" /><!-- duration: 2610ms -->
              <step title="Executing external process" date="2025-10-01T17:46:27.670" type="process" path="starter.sh" arguments="/opt/Kudu/Scripts/parallel_rsync.sh /tmp/zipdeploy/extracted /home/site/wwwroot 8 /tmp/ False True node_modules " /><!-- duration: 3113ms -->
              <step title="Triggering recycle (preview mode disabled)." date="2025-10-01T17:46:31.836" /><!-- duration: 6ms -->
              <step title="Modified file to trigger a restart of the app container." date="2025-10-01T17:46:31.883" /><!-- duration: 4ms -->
              <step title="Skip function trigger and logicapp sync because function is not enabled." date="2025-10-01T17:46:31.892" /><!-- duration: 14ms -->
            </step><!-- duration: 8904ms -->
          </step><!-- duration: 9077ms -->
          <step title="Cleaning up temp files" date="2025-10-01T17:46:33.036" /><!-- duration: 10ms -->
          <step title="Cleaning up temp files" date="2025-10-01T17:46:33.065" /><!-- duration: 514ms -->
          <step title="Reloading status file with latest updates" date="2025-10-01T17:46:33.629" >
            <step title="WebHooksManager.PublishEventAsync: PostDeployment" date="2025-10-01T17:46:33.634" /><!-- duration: 48ms -->
          </step><!-- duration: 56ms -->
          <step title="Cleaning up temporary deployment - fetch deployment was successful" date="2025-10-01T17:46:33.692" /><!-- duration: 4ms -->
        </step><!-- duration: 10053ms -->
      </step><!-- duration: 11719ms -->
