{
  "name": "tshla-medical-auth-api",
  "version": "1.0.0",
  "description": "TSHLA Medical Authentication API",
  "main": "medical-auth-api.js",
  "scripts": {
    "start": "node medical-auth-api.js"
  },
  "dependencies": {
    "@supabase/supabase-js": "^2.38.0",
    "bcryptjs": "^2.4.3",
    "body-parser": "^1.20.2",
    "cors": "^2.8.5",
    "dotenv": "^16.3.1",
    "express": "^4.18.2",
    "express-rate-limit": "^6.10.0",
    "helmet": "^7.0.0",
    "jsonwebtoken": "^9.0.2",
    "morgan": "^1.10.0",
    "mysql2": "^3.14.4",
    "uuid": "^9.0.0",
    "winston": "^3.11.0"
  },
  "engines": {
    "node": ">=18.0.0"
  }
}
