<step title="BackgroundTrace" date="2025-10-01T17:42:18.910" instance="0a7f99" url="/api/zipdeploy" method="POST" >
  <step title="Creating temporary deployment - FetchDeploymentManager" date="2025-10-01T17:42:18.980" /><!-- duration: 3ms -->
  <step title="Creating temporary deployment" date="2025-10-01T17:42:18.986" /><!-- duration: 83ms -->
  <step title="Performing fetch based deployment" date="2025-10-01T17:42:19.153" >
    <step title="Cleaning up temp folders from previous zip deployments and extracting pushed zip file /tmp/zipdeploy/7577a529-8a19-4c20-ae6a-3309fec547b7.zip (14.82 MB) to /tmp/zipdeploy/extracted" date="2025-10-01T17:42:20.364" >
      <step title="ChmodRecursive Process exited with total time taken in ms: 228" date="2025-10-01T17:42:22.969" /><!-- duration: 13ms -->
    </step><!-- duration: 2626ms -->
    <step title="Deployment timer started" date="2025-10-01T17:42:25.002" >
      <step title="DeploymentManager.Deploy(id:4f3dda70-a9b5-4d6f-81a1-61cb85ff90e5)" date="2025-10-01T17:42:25.008" >
        <step title="Collecting changeset information" date="2025-10-01T17:42:25.045" /><!-- duration: 149ms -->
        <step title="Updating submodules" date="2025-10-01T17:42:25.199" /><!-- duration: 1171ms -->
        <step title="Determining deployment builder" date="2025-10-01T17:42:26.627" >
          <step title="Builder is BasicBuilder" date="2025-10-01T17:42:26.635" /><!-- duration: 7ms -->
        </step><!-- duration: 20ms -->
        <step title="PreDeployment: context.CleanOutputPath False" date="2025-10-01T17:42:26.692" >
          <step title="PreDeployment: context.OutputPath /home/site/wwwroot" date="2025-10-01T17:42:26.832" >
            <step title="Building" date="2025-10-01T17:42:26.959" >
              <step title="Executing external process" date="2025-10-01T17:42:27.520" type="process" path="starter.sh" arguments="/opt/Kudu/Scripts/absoluteTar.sh /tmp/zipdeploy/extracted/node_modules /tmp/zipdeploy/extracted/node_modules.tar.gz" /><!-- duration: 2078ms -->
              <step title="Executing external process" date="2025-10-01T17:42:29.859" type="process" path="starter.sh" arguments="/opt/Kudu/Scripts/parallel_rsync.sh /tmp/zipdeploy/extracted /home/site/wwwroot 8 /tmp/ False True node_modules " /><!-- duration: 2355ms -->
              <step title="Triggering recycle (preview mode disabled)." date="2025-10-01T17:42:32.990" /><!-- duration: 3ms -->
              <step title="Modified file to trigger a restart of the app container." date="2025-10-01T17:42:33.025" /><!-- duration: 4ms -->
              <step title="Skip function trigger and logicapp sync because function is not enabled." date="2025-10-01T17:42:33.032" /><!-- duration: 3ms -->
            </step><!-- duration: 6899ms -->
          </step><!-- duration: 7035ms -->
          <step title="Cleaning up temp files" date="2025-10-01T17:42:33.870" /><!-- duration: 16ms -->
          <step title="Cleaning up temp files" date="2025-10-01T17:42:33.890" /><!-- duration: 514ms -->
          <step title="Reloading status file with latest updates" date="2025-10-01T17:42:34.430" >
            <step title="WebHooksManager.PublishEventAsync: PostDeployment" date="2025-10-01T17:42:34.434" /><!-- duration: 34ms -->
          </step><!-- duration: 41ms -->
          <step title="Cleaning up temporary deployment - fetch deployment was successful" date="2025-10-01T17:42:34.475" /><!-- duration: 2ms -->
        </step><!-- duration: 7862ms -->
      </step><!-- duration: 9559ms -->
