<step title="BackgroundTrace" date="2025-10-01T16:17:15.280" instance="0a7f99" url="/api/zipdeploy" method="POST" >
  <step title="Creating temporary deployment - FetchDeploymentManager" date="2025-10-01T16:17:15.378" /><!-- duration: 5ms -->
  <step title="Creating temporary deployment" date="2025-10-01T16:17:15.388" /><!-- duration: 123ms -->
  <step title="Performing fetch based deployment" date="2025-10-01T16:17:15.595" >
    <step title="Cleaning up temp folders from previous zip deployments and extracting pushed zip file /tmp/zipdeploy/35f69dc6-c8b2-4fec-87cc-8fc3c4ca35ae.zip (14.75 MB) to /tmp/zipdeploy/extracted" date="2025-10-01T16:17:16.842" >
      <step title="ChmodRecursive Process exited with total time taken in ms: 83" date="2025-10-01T16:17:18.679" /><!-- duration: 5ms -->
    </step><!-- duration: 1855ms -->
    <step title="Deployment timer started" date="2025-10-01T16:17:20.714" >
      <step title="DeploymentManager.Deploy(id:e16c87c8-77e0-4af2-bcec-661fd04f7633)" date="2025-10-01T16:17:20.725" >
        <step title="Collecting changeset information" date="2025-10-01T16:17:20.751" /><!-- duration: 120ms -->
        <step title="Updating submodules" date="2025-10-01T16:17:20.884" /><!-- duration: 1183ms -->
        <step title="Determining deployment builder" date="2025-10-01T16:17:22.364" >
          <step title="Builder is BasicBuilder" date="2025-10-01T16:17:22.375" /><!-- duration: 2ms -->
        </step><!-- duration: 17ms -->
        <step title="PreDeployment: context.CleanOutputPath False" date="2025-10-01T16:17:22.433" >
          <step title="PreDeployment: context.OutputPath /home/site/wwwroot" date="2025-10-01T16:17:22.586" >
            <step title="Building" date="2025-10-01T16:17:22.790" >
              <step title="Executing external process" date="2025-10-01T16:17:23.417" type="process" path="starter.sh" arguments="/opt/Kudu/Scripts/absoluteTar.sh /tmp/zipdeploy/extracted/node_modules /tmp/zipdeploy/extracted/node_modules.tar.gz" /><!-- duration: 2742ms -->
              <step title="Executing external process" date="2025-10-01T16:17:26.456" type="process" path="starter.sh" arguments="/opt/Kudu/Scripts/parallel_rsync.sh /tmp/zipdeploy/extracted /home/site/wwwroot 8 /tmp/ False True node_modules " /><!-- duration: 2502ms -->
              <step title="Triggering recycle (preview mode disabled)." date="2025-10-01T16:17:30.290" /><!-- duration: 4ms -->
              <step title="Modified file to trigger a restart of the app container." date="2025-10-01T16:17:30.334" /><!-- duration: 3ms -->
              <step title="Skip function trigger and logicapp sync because function is not enabled." date="2025-10-01T16:17:30.342" /><!-- duration: 3ms -->
            </step><!-- duration: 8349ms -->
          </step><!-- duration: 8559ms -->
          <step title="Cleaning up temp files" date="2025-10-01T16:17:31.147" /><!-- duration: 4ms -->
          <step title="Cleaning up temp files" date="2025-10-01T16:17:31.154" /><!-- duration: 505ms -->
          <step title="Reloading status file with latest updates" date="2025-10-01T16:17:31.693" >
            <step title="WebHooksManager.PublishEventAsync: PostDeployment" date="2025-10-01T16:17:31.697" /><!-- duration: 29ms -->
          </step><!-- duration: 38ms -->
          <step title="Cleaning up temporary deployment - fetch deployment was successful" date="2025-10-01T16:17:31.735" /><!-- duration: 3ms -->
        </step><!-- duration: 9380ms -->
      </step><!-- duration: 11101ms -->
